"ID","Religião","Entidade / Orixá","Nome do Ponto","Letra","Link YouTube","Áudio","Observações"
"PNT-7DD28B","Umbanda","Geral / Abertura","Prece de Cáritas","Deus Nosso Pai, vós que sois todo poder e bondade.
Dai força àquele que passa pela provação.
Dai luz àquele que procura a verdade.
Pondo no coração do homem a compaixão e caridade.
Que Assim Seja!","","",""
"PNT-790F97","Umbanda","Geral / Abertura","Pai Nosso Umbandista","Pai nosso que estais nos céus, nos mares, nas matas e em todo o mundo habitado.
Santificado seja o vosso nome, pelos teus filhos, pela natureza, pelas águas, pela luz e pelo ar que respiramos.
Que Assim Seja!","","",""
"PNT-153CBB","Umbanda","Geral / Abertura","Credo Umbandista","Creio em Deus, Onipotente e Supremo, no Seu poder, na Sua luz e no Seu perdão.
Creio nos Orixás amparando as nossas vidas.
Na comunicação dos Guias, encaminhando-nos para a caridade e a prática do bem.
Creio na Umbanda como missão e caminho para seguir a evolução.
Que Assim Seja!","","",""
"PNT-E8E0C7","Umbanda","Geral / Abertura","Hino da Umbanda","Refletiu a luz Divina.
Em todo seu esplendor.
Vem do Reino de Oxalá.
Aonde há paz e amor.
Luz que refletiu na Terra.
Luz que refletiu no mar.
Luz que vem de Aruanda.
Para tudo iluminar.
A Umbanda é paz e amor.
É um mundo cheio de luz.
É a força que nos dá vida.
E a grandeza nos conduz.
Avante filhos de fé.
Como a nossa lei não há.
Levando ao mundo inteiro.
A bandeira de Oxalá.","","",""
"PNT-0FBF7B","Umbanda","Geral / Abertura","Defumação","Defuma com as ervas da Jurema,
Defuma com arruda e guiné, BIS.
Alecrim, benjoim e alfazema,
Vamos defumar filhos de fé.
Corre e gira Pai Ogum,
Filho quer se defumar, BIS.
A Umbanda tem fundamento é preciso preparar,
Com incenso e benjoim, alecrim e alfazema,
Defumar filhos de fé, com as ervas da Jurema.
Nossa Senhora incensou a Jesus Cristo,
Jesus Cristo incensou os filhos seus,
Eu incenso, eu incenso essa casa, BIS.","","",""
"PNT-6919D8","Umbanda","Geral / Abertura","Abertura de Gira","Abrimos a nossa gira, pedindo a proteção,
Ao nosso pai Oxalá, para cumprir nossa missão.
Eu abro a nossa gira com Deus e Nossa Senhora.
Eu abro a nossa gira samboreô, pemba de Angola.
Esta aberta nossa gira com Deus e Nossa Senhora.","","",""
"PNT-505B24","Umbanda","Geral / Abertura","Encerramento de Gira","Fechamos a nossa gira, pedindo a proteção,
Ao nosso Pai Oxalá, para cumprir nossa missão.
Eu fecho a nossa gira com Deus e Nossa Senhora.
Eu fecho a nossa gira samboreô, pemba de Angola.
Esta fechada nossa gira com Deus e Nossa Senhora.","","",""
"PNT-656E70","Umbanda","Exus e Pombagiras","Saudação ao Exú Tranca Ruas","O sino da igrejinha faz belém blém blom.
Deu meia noite o galo já cantou,
Seu Tranca Ruas que o dono da gira, BIS.
Oi corre gira que Ogum mandou.
Exú, Exú Tranca Ruas, BIS.
Me abre o terreiro, oi me fecha a rua.","","",""
"PNT-BDB237","Umbanda","Oxalá","Meu pai Oxalá é o rei","Meu pai Oxalá é o rei venha me valer.
Meu pai Oxalá é o rei venha me valer.
Ó Deus nos salve essa casa Santa,
Onde Deus fez a sua morada,
Onde mora o cálice bento, BIS.
E a hóstia consagrada.","","",""
"PNT-6BDE80","Umbanda","Ogum","Ogum em seu cavalo","Ogum em seu cavalo corre e sua espada reluz.
Ogum, Ogum Megê sua bandeira cobre os filhos de Jesus Ogum nhê.
E quem está de ronda é São Jorge deixa São Jorge rondar.
São Jorge é guerreiro que manda na terra, que manda no mar.
Saravá meu Pai, saravá meu Pai.","","",""
"PNT-0C2D2A","Umbanda","Oxum","Foi na beira do rio","Foi na beira do rio, aonde Oxum chorou.
Chora iê iê ô, choram os filhos seus.
Atraca, atraca que aí vem Nanã eh ah.
É Nanã, é Oxum, é quem vem saravá eh ah.","","",""
"PNT-61878F","Umbanda","Xangô","Xangô — Ele vem de Aruanda","Ele vem de Aruanda, ele vem trabalhar, BIS.
Ele vence demanda, ele é seu arirá.
Kaô, kaô, kaô, kaô a justiça chegou Xangô.
Kaô kabiesilê é de mussusú ai como ele vem.","","",""
"PNT-824BFD","Umbanda","Iansã","Iansã tem um leque","Iansã tem um leque que venta, pra abanar dia de calor.
Iansã mora na pedreira, eu quero ver meu pai Xangô.
Oiá é moça rica, ela é filha de Xangô.
Iansã chegou na Umbanda, em seu reino saravou.","","",""
"PNT-6844BE","Umbanda","Oxóssi","Oxóssi — Oí lá nas matas","Oí lá nas matas, lá na Jurema. BIS.
É uma lei severa, é uma lei sem pena.
Senhor Oxóssi que é dono da Lua,
Só veio ao mundo para clarear. BIS.
Oxóssi na mata é rei,
Quem passa pelos caminhos sem deixar marca do pé.","","",""
"PNT-3B1737","Umbanda","Iemanjá","Eu sou filho de Iabá","Eu sou filho de Iabá, Iabá é minha Mãe.
Oh Rainha do tesouro e odociabá no fundo do mar.
Como é lindo o canto de Iemanjá,
Faz até o pescador chorar,
Iê Iemanjá, rainha das ondas sereia do mar.","","",""
"PNT-ED7B4C","Umbanda","Obaluaê / Omolu","Omolu é Orixá","Seu Omulu ê, seu Omulu ê, Omulu é Orixá.
Saravá seu Omulu, Omulu ê, BIS.
Meu pai venha me ajudar, meu pai venha me valer, BIS.
É um grande Orixá, Atotô Obaluaiê.
Vem dançando a muzenza, trás na mão seu xaxará.","","",""
"PNT-76D3EF","Umbanda","Nanã","Nanã Buruquê — Atraca","Atraca, atraca que aí vem Nanã eh ah.
É Nanã, é Oxum, é quem vem saravá eh ah.
Eu vi Nanã, eu vi Nanã,
Eu vi Nanã, eu vi Nanã auê,
É Nanã Buruquê, é Nanã Buruquê.","","",""
"PNT-9CF6C4","Umbanda","Crianças / Erês","Cosme, Damião e Doum","Fui no jardim colher as rosas, BIS.
Cosme e Damião, oi Doum, BIS.
Crispim, Crispiniano são os filhos de Ogum.
Cosme e Damião, Damião cadê Doum,
Doum tá passeando no cavalo de Ogum.","","",""
"PNT-E2928C","Umbanda","Zé Pilintra","Zé Pilintra — Dim dim dim","Dim, dim, dim, dim, dim, dim, dim, dim, dim, dim, dim, risca ponto. BIS.
Pulando cruzado no meio do terreiro chegou, BIS.
Chegou Zé Pilintra que veio do lado de lá, BIS.
Fumando e bebendo e gritando vamos Saravá.
Saravá oh oh Saravá, BIS.","","",""
"PNT-4BD3B6","Umbanda","Pretos-Velhos","Pai Jacinto de Angola","Quem vem de longe é Pai Jacinto de Angola. BIS.
Com seus cabelos brancos e encaracolados,
Tem a brancura da pureza e da alegria,
São abençoados pelo filho de Maria.","","",""
"PNT-CD5CA5","Umbanda","Pretos-Velhos","Adorei as almas","Adorei as almas e as almas me atenderam.
Eram as santas almas, lá no cruzeiro.
O lelê meu Deus do céu que alegria,
O preto-Velho não carrega a soberbia. BIS.
Minha cachimba tem mironga, minha cachimba tem dendê. BIS.
Quem duvida da minha cachimba que venha vê. BIS.","","",""
"PNT-A22F45","Umbanda","Ciganos","Ela é uma cigana faceira","Ela é uma cigana faceira, ela é,
Ela é das 7 linhas,
Ela vem de muito longe os seus filhos ajudar,
Ela vem de muito longe Saravá este congá.","","",""
"PNT-BF203E","Umbanda","Caboclos","Caboclos da Jurema","Oxalá chamou e já mandou buscar, BIS.
Os caboclos da Jurema, no seu Juremá.
Pai Oxalá é o rei do mundo inteiro,
E já deu ordens pra Jurema, mandar seus capangueiros.
Saravá seu 7 flechas que ele é o rei das matas.","","",""
"PNT-C1A14E","Umbanda","Boiadeiros","Salve Boiadeiro","Salve Boiadeiro, salve a boiada,
Salve a Virgem Maria, salve esta morada.
Salve a luz Divina, um rei lá na chapada,
Salve a santa cruz, salve a Virgem Imaculada.
Seu Boiadeiro no clarão da lua.","","",""
"PNT-AC9179","Umbanda","Baianos","Olha eu Camarada","Mais olha eu Camarada, camarada meu,
Ele quebra a mandinga, ele vence demanda,
Ele vem de Aruanda, vamos todos Saravá.
Nossa Senhora da Lapa, da Lapa de bom Jesus,
Baiano quebra mandinga, nos pés da santa cruz.
Baiano é povo bom tem mironga no congá, BIS.","","",""
"PNT-CB7002","Umbanda","Marinheiros","Eu não sou daqui marinheiro só","Eu não sou daqui, marinheiro só,
Eu não tenho amor, marinheiro só, BIS.
Eu sou da Bahia, marinheiro só, de São Salvador,
O marinheiro, marinheiro, marinheiro só,
Quem te ensinou a nadar, marinheiro só, BIS.
Ou foi o tombo do navio, ou foi o balanço do mar.","","",""
"PNT-26D510","Umbanda","Crianças / Erês","No jardim do céu brincam as crianças","No jardim do céu brincam as crianças, BIS.
Quando elas vêm em terra traz amor e esperança.
Venham crianças, venham brincar, BIS.
A criança é uma flor que merece nosso amor.
Bahia é terra de dois irmãos,
Governador na Bahia e Cosme e São Damião.","","",""
"PNT-285867","Umbanda","Exus e Pombagiras","Mojibá — Saudação aos Exús","É mojibá, seu Exú rei é mojibá. BIS.
Seu Tranca Ruas na quimbanda é mojibá,
Sete Trunqueiras na magia é mojibá,
A Pomba-Gira na defesa é mojibá,
Exú Veludo no inferno é mojibá,
Seu Gira Mundo na virada é mojibá.","","",""
"PNT-E5882A","Umbanda","Exus e Pombagiras","Pomba-Gira — Ela gira no ar","Ela gira no ar, ela gira na praça, ela gira na rua, BIS.
Ela canta, ela dança, ela vive sorrindo em noite de lua.
Ela é sincera, ela é de verdade, BIS.
Cuidado amigo que ela não gosta de falsidade.
Pomba-Gira tem sete maridos.
Pomba-Gira Maria Mulambo, Maria Padilha rainha das almas.","","",""
"PNT-899C5F","Umbanda","Exus e Pombagiras","Exú Mirim não bambeia","A meia-noite na encruzilhada, dando a sua gargalhada, BIS.
Exú Mirim não bambeia.
Não bambeia, não bambeia, BIS.
Exú Mirim é um exú que não bambeia.
Exú Mirim já vem, fazendo careta,
Salve Exú Mirim, Saravá seu Capa Preta.","","",""
"PNT-B3C837","Candomblé / Ketu","Exu","Egbá Rà Bó, Elégbára Rewá","Egba rà bó ago mojuba rà
Egba Kose
E mó dé ko e ko
Lè gbálè èsù loná
Elégbára Rewá
Àwa se àwo
Iná iná e mojúbà e
Agô mojúbà
Esú Lò bi wa
So so Obé
Odara kolobi ebó
Laaròyé","https://www.youtube.com/watch?v=jAiVVy5IVnQ","","Saudação ao guardião dos caminhos. Ketu."
"PNT-46D231","Candomblé / Ketu","Exu","Laaróyè Èsù, Egbá Rà Bó","Laaróyè Èsù
Egbá rà bó
Agô mojúbà
Laaróyè Èsù","https://www.youtube.com/watch?v=UCIXyochfN8","","Pedido de licença ao dono dos caminhos. Ketu."
"PNT-0CE65F","Candomblé / Ketu","Ogum","Ogún Onire Alágbára","Ogún Onire Alágbára
Ogún Onire
Ogún awo ò
Ogún Onire Alágbára","https://www.youtube.com/watch?v=47KrpqmDdrY","","Louvor ao guerreiro que abre os caminhos. Ketu."
"PNT-B84BA9","Candomblé / Ketu","Oxóssi","Arolè O Inaio Ke O Ajô","Arolè o inaio ke o ajô
Arolè o inaio
Odé inaió
Arolè o inaio ke o ajô","https://www.youtube.com/watch?v=lIitJWJJdn0","","Pedido de luz ao rei das matas. Toque aguerê. Ketu."
"PNT-96E08B","Candomblé / Ketu","Oxóssi","Farere Fibi Odé Fibô","Farere fibi odé fibô
Farere fibi
Odé fibô
Farere fibi odé fibô","https://www.youtube.com/watch?v=R_bSALywiZk","","Louvor ao caçador da mata. Toque aguerê. Ketu."
"PNT-64A9A8","Candomblé / Ketu","Ossain","Ewé Ó, Ossã, Ewé Ó","Ewé ó, Ossã, ewé ó
Ewé ó, ewé
Ossã ewé ó
Ewé ó, Ossã, ewé ó","https://www.youtube.com/watch?v=QKP9OKFO9sA","","Saudação às folhas e à natureza. Ketu."
"PNT-02725C","Candomblé / Ketu","Ossain","Abebe Ni Bo Wa, Peregun","Abebe ni bo wa
Peregun alaso titun
Abebe ni bo wa
Ossain ewé ó","https://www.youtube.com/watch?v=MuRjEAFetNE","","Louvor às folhas sagradas. Ketu."
"PNT-9DFFA3","Candomblé / Ketu","Xangô","Ikitê Re O Lokê Odô","Ikitê re o lokê odô
Kabiyesi oba
Ikitê re o lokê odô
Kaô kabiesilê","https://www.youtube.com/watch?v=6K8cjDHOI7w","","Louvor ao rei de Kossô. Toque alujá. Ketu."
"PNT-203E32","Candomblé / Ketu","Xangô","Oba Sá Rewa","Oba sá rewa
Kabiyesi oba
Oba sá rewa
Kaô kabiesilê","https://www.youtube.com/watch?v=i0c13eljjjk","","Louvor ao rei belo e justiceiro. Toque alujá. Ketu."
"PNT-4F3C15","Candomblé / Ketu","Iansã","Ajé Mito Ti Oyá","Ajé mito ti Oyá
Oyá re wa o
Ajé mito ti Oyá
Eparrei Oyá","https://www.youtube.com/watch?v=PxpXMV8fKV4","","Louvor à senhora dos ventos. Ketu."
"PNT-282383","Candomblé / Ketu","Iansã","Oyá Koro Un Le, O Guerê Gue","Oyá koro un le
O guerê gue
Oyá koro un le
Eparrei Oyá","https://www.youtube.com/watch?v=K1y8Ak_89D8","","Louvor à guerreira dos ventos. Ketu."
"PNT-FE96B0","Candomblé / Ketu","Oxum","Adé Kojú Iyá, Meiwura","Adé kojú iyá
Meiwura
Adé kojú iyá
Ora iê iê ô","https://www.youtube.com/watch?v=-yWCImyT_ic","","Louvor à Orixá da beleza, do ouro e do espelho. Ketu."
"PNT-BEA5AF","Candomblé / Ketu","Oxum","Yá Badé Lodô, Oxum Ma Yeyeô","Yá badé lodô
Oxum ma yeyeô
Yá badé lodô
Ora iê iê ô","https://www.youtube.com/watch?v=bqjTQHmcvFs","","Saudação à Orixá das águas doces e do amor. Ketu."
"PNT-23F4A2","Candomblé / Ketu","Nanã","Ibi Nàná Iyô, Olú Obó","Ibi nàná iyô
Olú obó
Ibi nàná iyô
Salúbà Nanã","https://www.youtube.com/watch?v=drQ_jzGm3c8","","Louvor à matriarca dos Orixás. Ketu."
"PNT-FB54C4","Candomblé / Ketu","Obaluaê / Omolu","Ejì Bará Loko Panzuê","Ejì bará loko panzuê
Atotô Obaluaiê
Ejì bará loko panzuê
Atotô babá","https://www.youtube.com/watch?v=OmjQ3pQubBI","","Louvor ao senhor da terra e da cura. Ketu."
"PNT-89FB06","Candomblé / Ketu","Oxumaré","A Mara Ká Moborum","A mara ká moborum
Oxumarê
A mara ká moborum
Arrôbô Oxumarê","https://www.youtube.com/watch?v=kDXrK0uv4rk","","Louvor à serpente do arco-íris. Ketu."
"PNT-2BD0E8","Candomblé / Ketu","Oxumaré","Oxumarê Lele Mare","Oxumarê lele mare
Arrôbô
Oxumarê lele mare
Arrôbô Oxumarê","https://www.youtube.com/watch?v=QXT-zILeSy0","","Louvor ao Orixá do arco-íris e da serpente. Ketu."
"PNT-F4B59E","Candomblé / Ketu","Oxalá","Oni Saurê, Aul Axé","Oni saurê
Aul axé
Oni saurê
Êpa Babá","https://www.youtube.com/watch?v=LF6RxpLIbxA","","Louvor ao pai de todos os Orixás. Toque ijexá. Ketu."
"PNT-D1154E","Candomblé / Ketu","Oxalá","Ofurufú é Aláyê, Ajalá","Ofurufú é aláyê
Ajalá babá
Ofurufú é aláyê
Êpa Babá","https://www.youtube.com/watch?v=ly2Kx-GFAw4","","Louvor ao senhor do firmamento. Toque ijexá. Ketu."
"PNT-41C23D","Candomblé / Ketu","Ewá","Ewá Ewá Majô","Ewá ewá majô
Ewá ewá
Majô ewá
Ewá ewá majô","https://www.youtube.com/watch?v=w_nTSrU4WMM","","Louvor à Orixá da beleza, do mistério e das fontes. Ketu."
"PNT-D75D8B","Candomblé / Ketu","Logun Edé","Kerê Kerê Odé Ô","Kerê kerê odé ô
Logun edé
Kerê kerê odé ô
Odé inaió","https://www.youtube.com/watch?v=udIGGNcrT6g","","Louvor ao príncipe caçador das águas. Ketu."
